method,config,n,med,judge_mean,judge_ci_lo,judge_ci_hi,judge_delta,judge_strict,unique_ratio,parse_fail_rate,degenerate,flags,is_baseline
Angular,max_sim_L23/mode_0/angle_150,250,-0.2219,6.06,5.86,6.244,-1.86,6.0,1.0,0.012,True,overshoot,False
Angular,max_sim_L23/mode_1/angle_150,250,-0.2101,6.038,5.826,6.232,-1.882,5.998,1.0,0.008,True,overshoot,False
Angular,max_sim_L23/mode_0/angle_120,250,-0.1688,6.188,6.004,6.376,-1.732,6.168,1.0,0.004,True,overshoot,False
Angular,max_sim_L23/mode_1/angle_120,250,-0.1545,6.392,6.216,6.576,-1.528,6.392,1.0,0.0,True,overshoot,False
Angular,max_sim_L23/mode_0/angle_180,250,-0.0706,6.024,5.816,6.212,-1.896,5.904,1.0,0.024,True,overshoot,False
Angular,max_sim_L23/mode_1/angle_180,250,-0.0695,6.338,6.154,6.52,-1.582,6.298,1.0,0.008,True,overshoot,False
Angular,max_norm_L31/mode_0/angle_150,250,-0.06,6.172,5.984,6.348,-1.748,6.152,1.0,0.004,True,overshoot,False
Angular,max_norm_L31/mode_0/angle_180,250,-0.0522,5.532,5.316,5.744,-2.388,5.512,1.0,0.004,True,overshoot,False
Angular,max_norm_L31/mode_1/angle_180,250,-0.0518,5.66,5.444,5.856,-2.26,5.64,1.0,0.004,True,overshoot,False
Angular,max_norm_L31/mode_1/angle_150,250,0.0897,6.264,6.072,6.464,-1.656,6.264,1.0,0.0,False,,False
Angular,max_norm_L31/mode_1/angle_270,250,0.2368,7.06,6.858,7.234,-0.86,7.0,1.0,0.012,False,,False
Angular,max_norm_L31/mode_0/angle_270,250,0.243,6.87,6.646,7.064,-1.05,6.85,1.0,0.004,False,,False
Angular,max_sim_L23/mode_0/angle_270,250,0.3766,7.08,6.87,7.264,-0.84,7.08,1.0,0.0,False,,False
Angular,max_norm_L31/mode_0/angle_120,250,0.3841,7.29,7.12,7.448,-0.63,7.29,1.0,0.0,False,,False
Angular,max_sim_L23/mode_1/angle_270,250,0.4185,7.422,7.252,7.576,-0.498,7.422,1.0,0.0,False,,False
Angular,max_norm_L31/mode_1/angle_120,250,0.526,7.486,7.348,7.618,-0.434,7.466,1.0,0.004,False,,False
Angular,max_sim_L23/mode_0/angle_60,250,0.5991,7.698,7.576,7.8,-0.222,7.698,1.0,0.0,False,,False
Angular,max_sim_L23/mode_0/angle_0,250,0.6136,7.878,7.756,7.976,-0.042,7.878,1.0,0.0,False,,True
Angular,max_norm_L31/mode_1/angle_0,250,0.6289,7.95,7.842,8.048,0.03,7.95,1.0,0.0,False,,True
Angular,max_sim_L23/mode_1/angle_60,250,0.6334,7.792,7.664,7.91,-0.128,7.792,1.0,0.0,False,,False
Angular,max_norm_L31/mode_1/angle_60,250,0.6509,7.97,7.866,8.064,0.05,7.97,1.0,0.0,False,,False
Angular,max_norm_L31/mode_0/angle_0,250,0.6703,7.916,7.822,8.002,-0.004,7.916,1.0,0.0,False,,True
Angular,max_norm_L31/mode_0/angle_60,250,0.6722,7.868,7.78,7.952,-0.052,7.868,1.0,0.0,False,,False
Angular,max_sim_L23/mode_1/angle_0,250,0.703,7.98,7.868,8.072,0.06,7.98,1.0,0.0,False,,True
CAA,L14/alpha_2.0,250,-0.3205,5.956,5.736,6.168,-1.964,5.936,1.0,0.004,True,overshoot,False
CAA,L14/alpha_4.0,250,-0.2494,1.236,1.06,1.404,-6.684,0.976,1.0,0.052,True,overshoot,False
CAA,L14/alpha_6.0,250,0.0,3.016,2.716,3.316,-4.904,0.016,0.988,0.6,True,unparseable,False
CAA,L14/alpha_8.0,250,0.0,2.9,2.616,3.2,-5.02,0.08,0.844,0.564,True,unparseable,False
CAA,L14/alpha_1.0,250,0.1456,7.292,7.108,7.456,-0.628,7.292,1.0,0.0,False,,False
CAA,L14/alpha_0.5,250,0.4328,7.704,7.582,7.818,-0.216,7.704,1.0,0.0,False,,False
CAA,L14/alpha_0.0,250,0.712,7.866,7.736,7.984,-0.054,7.866,1.0,0.0,False,,True
CAD mean-diff,alpha15.0,250,-0.1829,2.524,2.28,2.768,-5.396,1.144,1.0,0.276,True,unparseable;overshoot,False
CAD mean-diff,alpha10.0,250,-0.1803,6.598,6.41,6.804,-1.322,6.598,1.0,0.0,True,overshoot,False
CAD mean-diff,alpha9.0,250,-0.1066,6.958,6.78,7.134,-0.962,6.958,1.0,0.0,True,overshoot,False
CAD mean-diff,alpha20.0,250,-0.0349,1.808,1.516,2.1,-6.112,0.288,0.992,0.304,True,unparseable,False
CAD mean-diff,alpha8.0,250,0.0767,7.204,7.028,7.38,-0.716,7.204,1.0,0.0,False,,False
CAD mean-diff,alpha7.0,250,0.1391,7.468,7.314,7.608,-0.452,7.468,1.0,0.0,False,,False
CAD mean-diff,alpha5.0,250,0.3382,7.7,7.558,7.83,-0.22,7.7,1.0,0.0,False,,False
CAD mean-diff,alpha3.0,250,0.4019,7.816,7.696,7.924,-0.104,7.816,1.0,0.0,False,,False
CAD mean-diff,alpha2.0,250,0.4658,7.84,7.724,7.952,-0.08,7.84,1.0,0.0,False,,False
CAD mean-diff,alpha1.0,250,0.5834,7.92,7.814,8.008,-0.0,7.92,1.0,0.0,False,,False
CAD probe,alpha13.0,250,-0.1858,4.34,4.112,4.572,-3.58,4.16,1.0,0.036,True,overshoot,False
CAD probe,alpha11.0,250,-0.1488,5.636,5.444,5.832,-2.284,5.556,1.0,0.016,True,overshoot,False
CAD probe,alpha15.0,250,-0.1198,2.604,2.368,2.832,-5.316,1.624,0.992,0.196,True,unparseable;overshoot,False
CAD probe,alpha17.0,250,-0.0482,2.272,1.972,2.556,-5.648,0.392,0.988,0.376,True,unparseable,False
CAD probe,alpha9.0,250,0.0336,7.018,6.846,7.186,-0.902,7.018,1.0,0.0,False,,False
CAD probe,alpha7.0,250,0.2678,7.438,7.27,7.594,-0.482,7.438,1.0,0.0,False,,False
CAD probe,alpha5.0,250,0.3657,7.602,7.44,7.744,-0.318,7.602,1.0,0.0,False,,False
CAD probe,alpha3.0,250,0.437,7.874,7.754,7.986,-0.046,7.874,1.0,0.0,False,,False
CAD probe,alpha1.0,250,0.5686,7.94,7.838,8.036,0.02,7.94,1.0,0.0,False,,False
CAD projection,alpha9.0,250,-0.1136,1.98,1.664,2.288,-5.94,0.04,0.936,0.388,True,unparseable;overshoot,False
CAD projection,alpha7.0,250,-0.0485,1.952,1.652,2.244,-5.968,0.072,0.964,0.376,True,unparseable,False
CAD projection,alpha5.0,250,-0.0111,2.156,1.86,2.432,-5.764,0.136,0.796,0.404,True,unparseable,False
CAD projection,alpha3.0,250,-0.0017,3.536,3.252,3.804,-4.384,0.056,0.828,0.696,True,unparseable,False
CAD projection,alpha2.0,250,0.1811,6.976,6.78,7.174,-0.944,6.956,1.0,0.004,False,,False
CAD projection,alpha1.0,250,0.199,7.59,7.442,7.728,-0.33,7.55,1.0,0.008,False,,False
CAD projection,alpha0.5,250,0.3712,7.788,7.668,7.9,-0.132,7.748,1.0,0.008,False,,False
CAD projection,alpha0.3,250,0.4437,7.852,7.742,7.962,-0.068,7.832,1.0,0.004,False,,False
CAD projection,alpha0.1,250,0.5803,7.974,7.878,8.064,0.054,7.974,1.0,0.0,False,,True
FairSteer,L29/thresh_0.7/alpha_4.0,250,-0.0178,2.084,1.8,2.384,-5.836,0.304,0.968,0.356,True,unparseable,False
FairSteer,L29/thresh_0.5/alpha_4.0,250,-0.0121,2.308,2.016,2.608,-5.612,0.408,0.94,0.38,True,unparseable,False
FairSteer,L29/thresh_0.3/alpha_4.0,250,-0.0016,2.312,2.02,2.624,-5.608,0.352,0.952,0.392,True,unparseable,False
FairSteer,L29/thresh_0.3/alpha_6.0,250,0.0,2.416,2.116,2.728,-5.504,0.416,0.296,0.4,True,repetition;unparseable,False
FairSteer,L29/thresh_0.3/alpha_8.0,250,0.0,4.284,4.08,4.476,-3.636,0.184,0.3,0.82,True,repetition;unparseable,False
FairSteer,L29/thresh_0.5/alpha_6.0,250,0.0,2.38,2.076,2.716,-5.54,0.4,0.272,0.396,True,repetition;unparseable,False
FairSteer,L29/thresh_0.5/alpha_8.0,250,0.0,4.34,4.148,4.528,-3.58,0.2,0.264,0.828,True,repetition;unparseable,False
FairSteer,L29/thresh_0.7/alpha_6.0,250,0.0,2.376,2.088,2.696,-5.544,0.416,0.264,0.392,True,repetition;unparseable,False
FairSteer,L29/thresh_0.7/alpha_8.0,250,0.0,4.288,4.088,4.48,-3.632,0.208,0.252,0.816,True,repetition;unparseable,False
FairSteer,L29/thresh_0.3/alpha_2.0,250,0.144,6.654,6.462,6.83,-1.266,6.594,1.0,0.012,False,,False
FairSteer,L29/thresh_0.5/alpha_2.0,250,0.1837,6.684,6.496,6.866,-1.236,6.644,1.0,0.008,False,,False
FairSteer,L29/thresh_0.7/alpha_2.0,250,0.2066,6.744,6.554,6.924,-1.176,6.724,0.996,0.004,False,,False
FairSteer,L29/thresh_0.3/alpha_1.0,250,0.4759,7.798,7.682,7.91,-0.122,7.798,1.0,0.0,False,,False
FairSteer,L29/thresh_0.5/alpha_1.0,250,0.4766,7.804,7.686,7.906,-0.116,7.804,1.0,0.0,False,,False
FairSteer,L29/thresh_0.5/alpha_0.5,250,0.5387,7.896,7.78,7.998,-0.024,7.896,1.0,0.0,False,,False
FairSteer,L29/thresh_0.7/alpha_1.0,250,0.566,7.768,7.644,7.886,-0.152,7.768,1.0,0.0,False,,False
FairSteer,L29/thresh_0.7/alpha_0.5,250,0.5678,7.826,7.702,7.94,-0.094,7.826,1.0,0.0,False,,False
FairSteer,L29/thresh_0.3/alpha_0.5,250,0.5891,7.894,7.786,7.996,-0.026,7.894,1.0,0.0,False,,False
FairSteer,L29/thresh_0.7/alpha_0.0,250,0.6499,7.93,7.828,8.024,0.01,7.93,1.0,0.0,False,,True
FairSteer,L29/thresh_0.5/alpha_0.0,250,0.6631,7.928,7.816,8.032,0.008,7.928,1.0,0.0,False,,True
FairSteer,L29/thresh_0.3/alpha_0.0,250,0.712,7.866,7.736,7.984,-0.054,7.866,1.0,0.0,False,,True
SADI,strength_40.0,250,-0.0111,2.984,2.72,3.248,-4.936,0.984,0.988,0.4,True,unparseable,False
SADI,strength_20.0,250,0.0,2.692,2.396,2.96,-5.228,0.832,0.98,0.372,True,unparseable,False
SADI,strength_80.0,250,0.0,3.276,3.024,3.532,-4.644,0.616,1.0,0.532,True,unparseable,False
SADI,strength_10.0,250,0.1192,3.188,2.968,3.424,-4.732,1.368,0.996,0.364,True,unparseable,False
SADI,strength_5.0,250,0.5931,7.526,7.368,7.676,-0.394,7.466,1.0,0.012,False,,False
SADI,strength_2.0,250,0.5957,7.962,7.858,8.054,0.042,7.962,1.0,0.0,False,,False
SADI,strength_1.0,250,0.6557,7.914,7.802,8.018,-0.006,7.914,1.0,0.0,False,,True
